Workbook
Name Slicer_Brand: #N/A
Name Slicer_Colour: #N/A
Name Slicer_Engine_Type: #N/A
Name Slicer_Status: #N/A
Name Slicer_Year: #N/A

Sheet Cars inventory 
A1: Car_ID | B1: Brand | C1: Model | D1: Year | E1: Colour | F1: Engine_Type | G1: Transmission | H1: Price | I1: Price Range | J1: Quantity_In_Stock | K1: Brand_Revenue | L1: Status
A2: C0001 | B2: Toyota | C2: Camry | D2: 2023 | E2: Red | F2: Petrol | G2: Automatic | H2: 80338.15 | I2: =IF(H2<90000,"80k-90k",IF(H2<100000,"90k-1L","1L+")) -> 80k-90k | J2: 6 | K2: =PRODUCT(H2*J2) -> 482028.9 | L2: Available
A3: C0002 | B3: Tesla | C3: Model 3 | D3: 2019 | E3: Red | F3: Electric | G3: Manual | H3: 26437.73 | I3: =IF(H3<90000,"80k-90k",IF(H3<100000,"90k-1L","1L+")) -> 80k-90k | J3: 16 | K3: =PRODUCT(H3*J3) -> 423003.68 | L3: Available
A4: C0003 | B4: Nissan | C4: Qashqai | D4: 2018 | E4: Blue | F4: Electric | G4: Automatic | H4: 50158.13 | I4: =IF(H4<90000,"80k-90k",IF(H4<100000,"90k-1L","1L+")) -> 80k-90k | J4: 20 | K4: =PRODUCT(H4*J4) -> 1003162.6 | L4: Available
A5: C0004 | B5: Hyundai | C5: Sonata | D5: 2025 | E5: Red | F5: Hybrid | G5: Automatic | H5: 33026.14 | I5: =IF(H5<90000,"80k-90k",IF(H5<100000,"90k-1L","1L+")) -> 80k-90k | J5: 3 | K5: =PRODUCT(H5*J5) -> 99078.42 | L5: Available
A6: C0005 | B6: Toyota | C6: RAV4 | D6: 2016 | E6: White | F6: Hybrid | G6: Manual | H6: 79672.9 | I6: =IF(H6<90000,"80k-90k",IF(H6<100000,"90k-1L","1L+")) -> 80k-90k | J6: 9 | K6: =PRODUCT(H6*J6) -> 717056.1 | L6: Reserved
A7: C0006 | B7: Hyundai | C7: Elantra | D7: 2019 | E7: White | F7: Diesel | G7: Automatic | H7: 94225.03 | I7: =IF(H7<90000,"80k-90k",IF(H7<100000,"90k-1L","1L+")) -> 90k-1L | J7: 17 | K7: =PRODUCT(H7*J7) -> 1601825.5 | L7: Sold
A8: C0007 | B8: Mercedes | C8: C-Class | D8: 2020 | E8: Gray | F8: Petrol | G8: Manual | H8: 21344.38 | I8: =IF(H8<90000,"80k-90k",IF(H8<100000,"90k-1L","1L+")) -> 80k-90k | J8: 7 | K8: =PRODUCT(H8*J8) -> 149410.66 | L8: Reserved
A9: C0008 | B9: Tesla | C9: Model 3 | D9: 2021 | E9: Gray | F9: Hybrid | G9: Manual | H9: 48813.94 | I9: =IF(H9<90000,"80k-90k",IF(H9<100000,"90k-1L","1L+")) -> 80k-90k | J9: 14 | K9: =PRODUCT(H9*J9) -> 683395.16 | L9: Reserved
A10: C0009 | B10: BMW | C10: 3 Series | D10: 2017 | E10: Blue | F10: Electric | G10: Manual | H10: 34430.1 | I10: =IF(H10<90000,"80k-90k",IF(H10<100000,"90k-1L","1L+")) -> 80k-90k | J10: 14 | K10: =PRODUCT(H10*J10) -> 482021.4 | L10: Sold
A11: C0010 | B11: Tesla | C11: Model S | D11: 2015 | E11: Red | F11: Hybrid | G11: Manual | H11: 42136.55 | I11: =IF(H11<90000,"80k-90k",IF(H11<100000,"90k-1L","1L+")) -> 80k-90k | J11: 0 | K11: =PRODUCT(H11*J11) -> 0 | L11: Sold
A12: C0011 | B12: Tesla | C12: Model 3 | D12: 2017 | E12: Silver | F12: Electric | G12: Automatic | H12: 17337.05 | I12: =IF(H12<90000,"80k-90k",IF(H12<100000,"90k-1L","1L+")) -> 80k-90k | J12: 3 | K12: =PRODUCT(H12*J12) -> 52011.15 | L12: Available
A13: C0012 | B13: Tesla | C13: Model S | D13: 2016 | E13: Gray | F13: Electric | G13: Manual | H13: 78178.58 | I13: =IF(H13<90000,"80k-90k",IF(H13<100000,"90k-1L","1L+")) -> 80k-90k | J13: 13 | K13: =PRODUCT(H13*J13) -> 1016321.5 | L13: Reserved
... A502: C0500 | B502: Mercedes | C502: GLA | D502: 2024 | E502: Blue | F502: Electric | G502: Automatic | H502: 75993.8 | I502: =IF(H502<90000,"80k-90k",IF(H502<100000,"90k-1L","1L+")) -> 80k-90k | J502: 6 | K502: =PRODUCT(H502*J502) -> 455962.8 | L502: Sold

Sheet Status wise car
A3: Row Labels | B3: Count of Car_ID
A4: Available | B4: 179
A5: Reserved | B5: 157
A6: Sold | B6: 165
A7: Grand Total | B7: 501

Sheet Brand VS Status
A3: Count of Car_ID | B3: Column Labels
A4: Row Labels | B4: Available | C4: Reserved | D4: Sold | E4: Grand Total
A5: BMW | B5: 22 | C5: 19 | D5: 27 | E5: 68
A6: Hyundai | B6: 21 | C6: 19 | D6: 19 | E6: 59
A7: Kia | B7: 22 | C7: 17 | D7: 29 | E7: 68
A8: Mercedes | B8: 29 | C8: 27 | D8: 21 | E8: 77
A9: Nissan | B9: 33 | C9: 22 | D9: 23 | E9: 78
A10: Tesla | B10: 25 | C10: 31 | D10: 21 | E10: 77
A11: Toyota | B11: 25 | C11: 21 | D11: 24 | E11: 70
A12: Unknown | B12: 2 | C12: 1 | D12: 1 | E12: 4
A13: Grand Total | B13: 179 | C13: 157 | D13: 165 | E13: 501

Sheet Quantity in stock
A1: Status | B1: (All)
A3: Row Labels | B3: Sum of Quantity_In_Stock
A4: BMW | B4: 670
A5: Hyundai | B5: 543
A6: Kia | B6: 673
A7: Mercedes | B7: 793
A8: Nissan | B8: 782
A9: Tesla | B9: 776
A10: Toyota | B10: 699
A11: Unknown | B11: 56
A12: Grand Total | B12: 4992

Sheet Brand wise sold cars
A1: Status | B1: (All)
A3: Row Labels | B3: Sum of Brand_Revenue
A4: BMW | B4: 39708629
A5: Hyundai | B5: 32201446
A6: Kia | B6: 41486984
A7: Mercedes | B7: 49834159
A8: Nissan | B8: 45239723
A9: Tesla | B9: 42021555
A10: Toyota | B10: 39587332
A11: Unknown | B11: 3353983.3
A12: Grand Total | B12: 2.9343381e+08

Sheet Model wise sale
A1: Status | B1: (All)
A3: Row Labels | B3: Sum of Quantity_In_Stock
A4: 3 Series | B4: 250
A5: 5 Series | B5: 237
A6: Altima | B6: 161
A7: Camry | B7: 360
A8: C-Class | B8: 251
A9: Cerato | B9: 246
A10: Corolla | B10: 162
A11: E-Class | B11: 247
A12: Elantra | B12: 169
A13: GLA | B13: 295
A14: Model 3 | B14: 266
A15: Model S | B15: 235
... A25: Grand Total | B25: 4992

Sheet Year wise sale
A1: Status | B1: (All)
A3: Row Labels | B3: Sum of Quantity_In_Stock
A4: 2015 | B4: 463
A5: 2016 | B5: 553
A6: 2017 | B6: 404
A7: 2018 | B7: 709
A8: 2019 | B8: 554
A9: 2020 | B9: 321
A10: 2021 | B10: 275
A11: 2022 | B11: 527
A12: 2023 | B12: 413
A13: 2024 | B13: 410
A14: 2025 | B14: 363
A15: Grand Total | B15: 4992

Sheet Transmission VS Status Avabile
A3: Count of Car_ID | B3: Column Labels
A4: Row Labels | B4: Available | C4: Reserved | D4: Sold | E4: Grand Total
A5: Automatic | B5: 96 | C5: 72 | D5: 79 | E5: 247
A6: Manual | B6: 83 | C6: 85 | D6: 86 | E6: 254
A7: Grand Total | B7: 179 | C7: 157 | D7: 165 | E7: 501

Sheet Engine type VS Stutus
A3: Sum of Quantity_In_Stock | B3: Column Labels
A4: Row Labels | B4: Available | C4: Reserved | D4: Sold | E4: Grand Total
A5: Diesel | B5: 485 | C5: 437 | D5: 419 | E5: 1341
A6: Electric | B6: 482 | C6: 380 | D6: 448 | E6: 1310
A7: Hybrid | B7: 380 | C7: 415 | D7: 332 | E7: 1127
A8: Petrol | B8: 477 | C8: 386 | D8: 351 | E8: 1214
A9: Grand Total | B9: 1824 | C9: 1618 | D9: 1550 | E9: 4992

Sheet Price wise analysis
B3: Column Labels
B4: Available | D4: Reserved | F4: Sold
A5: Row Labels | B5: Count of Car_ID | C5: Sum of Brand_Revenue | D5: Count of Car_ID | E5: Sum of Brand_Revenue | F5: Count of Car_ID | G5: Sum of Brand_Revenue
A6: 80k-90k | B6: 152 | C6: 87029670 | D6: 130 | E6: 66386138 | F6: 138 | G6: 71284279
A7: 90k-1L | B7: 27 | C7: 23439100 | D7: 27 | E7: 22455544 | F7: 27 | G7: 22839082
A8: Grand Total | B8: 179 | C8: 1.1046877e+08 | D8: 157 | E8: 88841681 | F8: 165 | G8: 94123360

Sheet Colour in brand
A2: Brand | B2: (All)
A4: Count of Car_ID
A5: 501

Sheet DASHBOARD
C18: =GETPIVOTDATA("Quantity_In_Stock",'Quantity in stock'!$A$3) -> 4992 | D18: =GETPIVOTDATA("Car_ID",'Status wise car'!$A$3,"Status","Sold") -> 165 | F18: =GETPIVOTDATA("Car_ID",'Status wise car'!$A$3,"Status","Available") -> 179 | G18: =GETPIVOTDATA("Car_ID",'Status wise car'!$A$3,"Status","Reserved") -> 157 | H18: =GETPIVOTDATA("Brand_Revenue",'Brand wise sold cars'!$A$3) -> 2.9343381e+08
D20: =GETPIVOTDATA("Car_ID",'Status wise car'!$A$3) -> 501
